{"textures":{"4":"walmart:entity/tractor/tractor"},"elements":[{"faces":{"north":{"uv":[9.629,5.129,11.121,5.996],"texture":"#4","tintindex":0},"east":{"uv":[7.879,2.004,10.996,2.871],"texture":"#4","tintindex":0},"south":{"uv":[11.121,5.129,9.629,5.996],"texture":"#4","tintindex":0},"up":{"uv":[6.621,3.121,5.129,0.004],"texture":"#4","tintindex":0}},"to":[7.99999,7.80001,13],"from":[3.19999,5.00001,3],"rotation":{"angle":-22.5,"axis":"z","origin":[7.99999,5.00001,13]}},{"faces":{"north":{"uv":[11.121,5.996,9.629,5.129],"texture":"#4","tintindex":0},"south":{"uv":[9.629,5.996,11.121,5.129],"texture":"#4","tintindex":0},"west":{"uv":[7.879,2.871,10.996,2.004],"texture":"#4","tintindex":0},"down":{"uv":[5.129,3.121,6.621,0.004],"texture":"#4","tintindex":0}},"to":[2.48155,4.18814,3],"from":[7.28155,6.98814,13],"rotation":{"angle":-22.5,"axis":"z","origin":[9.68155,2.78814,18]}}],"display":{"head":{"translation":[0,5.6,0],"scale":[4,4,4],"rotation":[0,0,0]}}}