{"textures":{"4":"walmart:entity/tractor/tractor"},"elements":[{"faces":{"north":{"uv":[11.121,5.129,9.629,5.996],"texture":"#4","tintindex":0},"south":{"uv":[9.629,5.129,11.121,5.996],"texture":"#4","tintindex":0},"west":{"uv":[10.996,2.004,7.879,2.871],"texture":"#4","tintindex":0},"up":{"uv":[5.129,3.121,6.621,0.004],"texture":"#4","tintindex":0}},"to":[12.80001,7.80001,13],"from":[8.00001,5.00001,3],"rotation":{"angle":22.5,"axis":"z","origin":[8.00001,5.00001,13]}},{"faces":{"north":{"uv":[9.629,5.996,11.121,5.129],"texture":"#4","tintindex":0},"east":{"uv":[10.996,2.871,7.879,2.004],"texture":"#4","tintindex":0},"south":{"uv":[11.121,5.996,9.629,5.129],"texture":"#4","tintindex":0},"down":{"uv":[6.621,3.121,5.129,0.004],"texture":"#4","tintindex":0}},"to":[8.71845,4.18814,3],"from":[13.51845,6.98814,13],"rotation":{"angle":22.5,"axis":"z","origin":[6.31845,2.78814,18]}}],"display":{"head":{"translation":[0,5.6,0],"scale":[4,4,4],"rotation":[0,0,0]}}}