{"textures":{"1":"walmart:entity/asteroid_medium_1/asteroid_medium_1_tint_indexed_texture"},"elements":[{"faces":{"north":{"uv":[6.5,5.25,7.625,5.625],"texture":"#1","tintindex":0},"east":{"uv":[9.5,5.625,10.25,6],"texture":"#1","tintindex":0},"south":{"uv":[9.5,5.125,10.625,5.5],"texture":"#1","tintindex":0},"west":{"uv":[9.5,6.125,10.25,6.5],"texture":"#1","tintindex":0}},"to":[17.06667,21.26667,11.73333],"from":[2.66667,16.46667,2.13333],"rotation":{"angle":0,"axis":"y","origin":[2.66667,21.26667,6.93333]}},{"faces":{"north":{"uv":[9.375,7.75,11.625,8.125],"texture":"#1","tintindex":0},"east":{"uv":[9.5,6.625,10.25,7],"texture":"#1","tintindex":0},"south":{"uv":[9.375,8.25,11.625,8.625],"texture":"#1","tintindex":0},"west":{"uv":[9.5,7.125,10.25,7.5],"texture":"#1","tintindex":0},"up":{"uv":[7.25,8.75,5,8],"texture":"#1","tintindex":0},"down":{"uv":[3.875,8.75,1.625,9.5],"texture":"#1","tintindex":0}},"to":[17.06667,26.06667,11.73333],"from":[-11.73333,21.26667,2.13333],"rotation":{"angle":0,"axis":"y","origin":[2.66667,21.26667,6.93333]}},{"faces":{"north":{"uv":[6.5,1.75,7.875,3.375],"texture":"#1","tintindex":0},"east":{"uv":[2.125,0,4.125,1.625],"texture":"#1","tintindex":0},"south":{"uv":[6.5,3.5,7.875,5.125],"texture":"#1","tintindex":0},"west":{"uv":[2.125,1.75,4.125,3.375],"texture":"#1","tintindex":0},"up":{"uv":[3.5,5.5,2.125,3.5],"texture":"#1","tintindex":0},"down":{"uv":[5,3.5,3.625,5.5],"texture":"#1","tintindex":0}},"to":[20.26667,16.46667,22.93333],"from":[2.66667,-4.33333,-2.66667],"rotation":{"angle":0,"axis":"y","origin":[10.66667,6.06667,10.13333]}}],"display":{"head":{"translation":[0,-3.2,0],"scale":[1,1,1],"rotation":[0,0,0]}}}