{"textures":{"1":"walmart:entity/boxing_robot_0/texture"},"elements":[{"faces":{"north":{"uv":[0.008,10.258,0.742,10.992],"texture":"#1","tintindex":0},"east":{"uv":[1.508,10.258,1.992,10.992],"texture":"#1","tintindex":0},"south":{"uv":[0.758,10.258,1.492,10.992],"texture":"#1","tintindex":0},"west":{"uv":[8.008,10.508,8.492,11.242],"texture":"#1","tintindex":0},"up":{"uv":[10.992,4.742,10.258,4.258],"texture":"#1","tintindex":0},"down":{"uv":[9.242,10.508,8.508,10.992],"texture":"#1","tintindex":0}},"to":[13.20491,3.4,12.95983],"from":[8.40491,-1.4,9.75983],"rotation":{"angle":-22.5,"axis":"y","origin":[29.92451,9.57211,3.44023]}},{"faces":{"north":{"uv":[8.508,5.008,9.492,6.492],"texture":"#1","tintindex":0},"east":{"uv":[3.258,7.258,4.492,8.742],"texture":"#1","tintindex":0},"south":{"uv":[9.492,5.008,8.508,6.492],"texture":"#1","tintindex":0},"west":{"uv":[7.258,5.008,8.492,6.492],"texture":"#1","tintindex":0},"up":{"uv":[9.742,2.492,8.758,1.258],"texture":"#1","tintindex":0},"down":{"uv":[7.492,8.758,6.508,9.992],"texture":"#1","tintindex":0}},"to":[9.6,5,12],"from":[3.2,-4.6,4],"rotation":{"angle":0,"axis":"y","origin":[28.6949,10.77211,6.8]}},{"faces":{"north":{"uv":[1.508,11.008,1.992,11.492],"texture":"#1","tintindex":0},"south":{"uv":[1.992,11.008,1.508,11.492],"texture":"#1","tintindex":0},"west":{"uv":[9.508,0.758,10.992,1.242],"texture":"#1","tintindex":0}},"to":[5.6,1.8,12.8],"from":[2.4,-1.4,3.2],"rotation":{"angle":0,"axis":"y","origin":[28.6949,10.77211,6.8]}}],"display":{"head":{"translation":[0,-3.2,0],"scale":[1,1,1],"rotation":[0,0,0]}}}